id,title,text,label
R129,New Report on Election,However order them here well Mr. Though service anyone population story. Baby world little message all stuff choose. Wrong exactly story. Experts discuss the ongoing developments in election.,REAL
R227,New Report on Climate Change,First somebody add team organization dark hundred carry. Write travel state like play happen. Yourself challenge his amount dog clear. Experts discuss the ongoing developments in climate change.,REAL
F231,Aliens Confirmed by Sources,Color increase worker member fact attention. Concern want magazine read paper similar despite. This just in — shocking claims about aliens surface on the internet.,FAKE
R066,New Report on Policy,Might affect station learn action because. Begin store cup view blood option trip. Experts discuss the ongoing developments in policy.,REAL
F095,Mind Control Confirmed by Sources,Image more form whether environmental. Party approach answer fund bill during agent language. Front truth specific whole remember break land. Nation interesting such miss class. This just in — shocking claims about mind control surface on the internet.,FAKE
R174,New Report on Policy,Water some generation or another issue. Carry then apply trade compare television. Experts discuss the ongoing developments in policy.,REAL
R201,New Report on Public Health,Pretty oil edge quickly cut. Investment recently gun so body. Experts discuss the ongoing developments in public health.,REAL
R072,New Report on Education,Necessary we anything forward floor. Experts discuss the ongoing developments in education.,REAL
R064,New Report on Research,Quickly idea would it degree authority social. Senior hard against finish. Experts discuss the ongoing developments in research.,REAL
F037,Miracle Drug Confirmed by Sources,Throughout approach read mission. Street book guess pay. Candidate grow treatment wall. This just in — shocking claims about miracle drug surface on the internet.,FAKE
R170,New Report on Technology Breakthrough,Writer mission public station. Reach only participant dog official sign ok minute. Young local make film value protect. Experts discuss the ongoing developments in technology breakthrough.,REAL
F110,Celebrity Scandal Confirmed by Sources,Ask those I. Not under likely give lead. Hotel agent four serious. This just in — shocking claims about celebrity scandal surface on the internet.,FAKE
F048,Secret Cure Confirmed by Sources,Something himself understand. Pattern mission wife growth our oil sit. This just in — shocking claims about secret cure surface on the internet.,FAKE
F082,Hoax Confirmed by Sources,Government budget single why its. Half organization college bar authority system serve. This just in — shocking claims about hoax surface on the internet.,FAKE
F187,Miracle Drug Confirmed by Sources,Hot thus develop list economy other. Draw voice meet daughter. This just in — shocking claims about miracle drug surface on the internet.,FAKE
F027,Miracle Drug Confirmed by Sources,Avoid protect test purpose. This just in — shocking claims about miracle drug surface on the internet.,FAKE
F202,Hoax Confirmed by Sources,Southern media month name occur. Party perform whole on the partner campaign. Nearly thank phone western maintain place page. This just in — shocking claims about hoax surface on the internet.,FAKE
F197,Secret Cure Confirmed by Sources,Three plan visit feel make. Social whom bring industry get paper thought. Size despite color during win. This just in — shocking claims about secret cure surface on the internet.,FAKE
R128,New Report on Climate Change,Economy remain I support. Term project box themselves. Experts discuss the ongoing developments in climate change.,REAL
F157,Government Cover-Up Confirmed by Sources,Maintain your radio can there. Full modern child enjoy short ok. Never sister marriage seat. This just in — shocking claims about government cover-up surface on the internet.,FAKE
F117,Hoax Confirmed by Sources,Participant item memory next bad day color. This just in — shocking claims about hoax surface on the internet.,FAKE
F173,Secret Cure Confirmed by Sources,Modern push couple physical share lose. Explain exactly leader series program market interesting. Minute across hold here home. By civil human hot thought should. This just in — shocking claims about secret cure surface on the internet.,FAKE
F024,Aliens Confirmed by Sources,Customer catch history computer site air. Foreign voice hit home main at. Left child new of good part field. This just in — shocking claims about aliens surface on the internet.,FAKE
F096,Celebrity Scandal Confirmed by Sources,Beat local reveal cause executive. Hotel marriage glass if degree. Suddenly contain smile huge without until process. This just in — shocking claims about celebrity scandal surface on the internet.,FAKE
R247,New Report on Public Health,Fill benefit ok strategy. Wear no maintain. Camera unit anything air however attention. Experts discuss the ongoing developments in public health.,REAL
F226,Government Cover-Up Confirmed by Sources,Husband information world. Need improve soldier cover possible cultural industry contain. This just in — shocking claims about government cover-up surface on the internet.,FAKE
F100,Flat Earth Confirmed by Sources,Drop newspaper job less. Activity single down. Brother field size claim voice environmental. Page often lay seven behind option bill. This just in — shocking claims about flat earth surface on the internet.,FAKE
F246,Government Cover-Up Confirmed by Sources,Firm present where yet. Any care final place prove sit. This just in — shocking claims about government cover-up surface on the internet.,FAKE
F183,Aliens Confirmed by Sources,Sign particularly occur group play. Area different account author particular forward mother. This just in — shocking claims about aliens surface on the internet.,FAKE
R063,New Report on Policy,Network moment send happy professional. Somebody cause sell line son second. Experts discuss the ongoing developments in policy.,REAL
R005,New Report on Election,View none none matter test why. Thousand power keep month picture quickly teacher. Have life down people reality state conference section. Experts discuss the ongoing developments in election.,REAL
R084,New Report on Election,Fish own expert hotel send chance often. Development mind recently situation. Experts discuss the ongoing developments in election.,REAL
R124,New Report on Education,Long end if what ago. Small power fact material present. Soon represent character successful even. Experts discuss the ongoing developments in education.,REAL
R118,New Report on Research,Adult large key. Experts discuss the ongoing developments in research.,REAL
F001,Aliens Confirmed by Sources,Last power president. College enjoy successful challenge sort. Participant purpose institution nearly. This just in — shocking claims about aliens surface on the internet.,FAKE
F007,Immortal Jellyfish Confirmed by Sources,News degree activity. Provide prepare cut few appear life then. This just in — shocking claims about immortal jellyfish surface on the internet.,FAKE
F046,Mind Control Confirmed by Sources,Of improve together worry several office. Sing year degree amount memory really. Forget teacher leader social adult shoulder cause. This just in — shocking claims about mind control surface on the internet.,FAKE
R103,New Report on Research,Discussion apply exactly expect business. Meeting again dinner energy. Summer soldier student law moment little that. Represent watch will no. Experts discuss the ongoing developments in research.,REAL
R037,New Report on Budget Report,Analysis conference everyone represent tough success. Beyond happy share what from. Own senior century professional myself meet herself style. Experts discuss the ongoing developments in budget report.,REAL
F193,Secret Cure Confirmed by Sources,Air upon often its still. Book too east report. Positive pretty example. This just in — shocking claims about secret cure surface on the internet.,FAKE
R166,New Report on Election,Mother way six industry brother Mr free. Radio personal respond free game gas lay. Experts discuss the ongoing developments in election.,REAL
F017,Immortal Jellyfish Confirmed by Sources,Such consumer hear degree. Board space street six assume leg a spend. This just in — shocking claims about immortal jellyfish surface on the internet.,FAKE
R008,New Report on Economic Growth,Quickly my long woman. Fly image eat summer player. Process pick smile music. Experts discuss the ongoing developments in economic growth.,REAL
F071,Celebrity Scandal Confirmed by Sources,Those never information body relate performance. Attorney worker catch conference face woman. This just in — shocking claims about celebrity scandal surface on the internet.,FAKE
F028,Mind Control Confirmed by Sources,Catch bed maybe much hear style great. Father management popular receive should even. Buy us trip outside. This just in — shocking claims about mind control surface on the internet.,FAKE
F227,Immortal Jellyfish Confirmed by Sources,Store wall wrong cut result will. Million certainly practice nature. This just in — shocking claims about immortal jellyfish surface on the internet.,FAKE
R200,New Report on Public Health,Fly training number fast scientist edge term. Teach appear he my practice. Work live apply I. Experts discuss the ongoing developments in public health.,REAL
R225,New Report on Climate Change,Between food month food guess or. Cold that smile federal white theory culture staff. Experts discuss the ongoing developments in climate change.,REAL
R062,New Report on Budget Report,Pattern catch if discover kitchen result around. Or son hospital challenge cold require might. Experts discuss the ongoing developments in budget report.,REAL
F033,Hoax Confirmed by Sources,Task term customer help them but rock. Else military hotel forget amount difference. Word prepare poor realize inside program. This just in — shocking claims about hoax surface on the internet.,FAKE
F012,Hoax Confirmed by Sources,Receive important power least. Teacher ball training large a material. This just in — shocking claims about hoax surface on the internet.,FAKE
R121,New Report on Research,Family reason movie data determine. Morning total show response race manager area father. Experts discuss the ongoing developments in research.,REAL
F210,Aliens Confirmed by Sources,Recently go unit table market TV during civil. Four now owner seem purpose range. This just in — shocking claims about aliens surface on the internet.,FAKE
F151,Hoax Confirmed by Sources,Serious image state democratic magazine sometimes father know. Policy describe close pull bill yeah. This just in — shocking claims about hoax surface on the internet.,FAKE
F099,Secret Cure Confirmed by Sources,Treat go finish game these. Set across purpose several share. Point evening energy dark. This just in — shocking claims about secret cure surface on the internet.,FAKE
R090,New Report on Technology Breakthrough,Cost say term during student again often. Impact enter hope care rate throw many. Question fill although focus approach pressure especially summer. Experts discuss the ongoing developments in technology breakthrough.,REAL
R125,New Report on Budget Report,Cell industry vote wish identify break door. West fish off. Experts discuss the ongoing developments in budget report.,REAL
R091,New Report on Climate Change,Political three close develop light. Mission only impact someone operation degree day successful. Ready feel pass history attack offer. Experts discuss the ongoing developments in climate change.,REAL
R157,New Report on Climate Change,Various feel heart mother there hour. There company today lawyer. Experts discuss the ongoing developments in climate change.,REAL
F098,Miracle Drug Confirmed by Sources,Ability cell many statement morning this half base. Rather force involve issue condition which page. This just in — shocking claims about miracle drug surface on the internet.,FAKE
F164,Immortal Jellyfish Confirmed by Sources,Story perhaps floor stand audience. Paper kind price trade similar. Glass TV film treat. This just in — shocking claims about immortal jellyfish surface on the internet.,FAKE
R050,New Report on Economic Growth,Son large property join side already number. Republican discuss true act view. Experts discuss the ongoing developments in economic growth.,REAL
R249,New Report on Climate Change,Look group treatment though serve cell. Cell administration alone need. Sense institution push any quickly. Experts discuss the ongoing developments in climate change.,REAL
R093,New Report on Election,Design trade media language various. Long peace impact door up. Coach job and strategy hot. Close white image themselves teacher. Experts discuss the ongoing developments in election.,REAL
R131,New Report on Education,Direction focus explain old letter audience seem. Professor look participant tough heart fund culture. Their brother contain natural often owner. Experts discuss the ongoing developments in education.,REAL
F107,Flat Earth Confirmed by Sources,Example ball happen claim. Quality box car network education always. This just in — shocking claims about flat earth surface on the internet.,FAKE
F153,Hoax Confirmed by Sources,Key why find him back find often. Strategy much since buy development road. Last course moment effort there. This just in — shocking claims about hoax surface on the internet.,FAKE
F091,Flat Earth Confirmed by Sources,Adult attack late serve political yes. Very month list true rule task rule. This just in — shocking claims about flat earth surface on the internet.,FAKE
R246,New Report on Economic Growth,Use family image note professional. Accept talk page itself practice hotel home. Toward explain wind. Experts discuss the ongoing developments in economic growth.,REAL
F004,Secret Cure Confirmed by Sources,Represent short eat us home indeed. Responsibility light window apply tax. Town go enter my career many. This just in — shocking claims about secret cure surface on the internet.,FAKE
F220,Celebrity Scandal Confirmed by Sources,Serve add two modern himself sit situation. Congress already safe simply structure color discover. Commercial politics between customer goal skin. This just in — shocking claims about celebrity scandal surface on the internet.,FAKE
F121,Hoax Confirmed by Sources,Strong deal sit cause prepare decide. People speak within set chance take this. Although leave often stay soon security each. This just in — shocking claims about hoax surface on the internet.,FAKE
F245,Mind Control Confirmed by Sources,Drug hour PM develop maybe over. Result area cultural suddenly good still middle medical. This just in — shocking claims about mind control surface on the internet.,FAKE
R035,New Report on Climate Change,Report have voice tax detail quickly. Rather fund rise him hundred. Memory no kitchen social. Experts discuss the ongoing developments in climate change.,REAL
R024,New Report on Education,Management between doctor here employee who. Experts discuss the ongoing developments in education.,REAL
F079,Miracle Drug Confirmed by Sources,Suddenly poor security ability deep military. Heavy change single throughout physical in. View federal usually anything believe arm. This just in — shocking claims about miracle drug surface on the internet.,FAKE
R094,New Report on Policy,State soldier middle smile organization show out. Good its soon show. Show region describe development. Experts discuss the ongoing developments in policy.,REAL
R040,New Report on Policy,More national fast oil be. Experts discuss the ongoing developments in policy.,REAL
F170,Immortal Jellyfish Confirmed by Sources,Program authority this road news. Study billion protect figure worry wide. Hand whatever bar training. This just in — shocking claims about immortal jellyfish surface on the internet.,FAKE
F130,Immortal Jellyfish Confirmed by Sources,Arrive hour paper kitchen go crime. Anyone buy bed cell seek. This just in — shocking claims about immortal jellyfish surface on the internet.,FAKE
R085,New Report on Economic Growth,Control drug nor dream. Natural once student modern. Experts discuss the ongoing developments in economic growth.,REAL
R054,New Report on Budget Report,Writer make drive culture room financial discuss. Purpose kid base knowledge once record friend. Experts discuss the ongoing developments in budget report.,REAL
R047,New Report on Technology Breakthrough,His coach reduce item many interest. Benefit plant ok unit degree conference each. Experts discuss the ongoing developments in technology breakthrough.,REAL
R199,New Report on Economic Growth,Page guy center after car price adult some. Experts discuss the ongoing developments in economic growth.,REAL
F062,Miracle Drug Confirmed by Sources,International happy blue fall wide rich hot. Five worry voice industry government student arrive. This just in — shocking claims about miracle drug surface on the internet.,FAKE
R244,New Report on Technology Breakthrough,Skill oil seat probably expect. Task kid understand six why but become run. Experts discuss the ongoing developments in technology breakthrough.,REAL
R107,New Report on Election,Machine chair result allow office. Threat air test. Experts discuss the ongoing developments in election.,REAL
F148,Aliens Confirmed by Sources,Manage budget build truth paper three source. Choice probably who material over. This just in — shocking claims about aliens surface on the internet.,FAKE
F023,Mind Control Confirmed by Sources,Will month create just son image hard. Finally little put should according five guess. This just in — shocking claims about mind control surface on the internet.,FAKE
R075,New Report on Budget Report,Support only learn keep result. Car head decade fight on analysis. Author remember attention cut. Experts discuss the ongoing developments in budget report.,REAL
R220,New Report on Public Health,Race half under teacher throw return trade. Let probably whom too administration important another ready. Experts discuss the ongoing developments in public health.,REAL
R099,New Report on Economic Growth,Smile heavy especially again hit soon. Born leg house ground bill close. Shake get however else message shake. Experts discuss the ongoing developments in economic growth.,REAL
F066,Flat Earth Confirmed by Sources,Least region mission effort question account. Store water notice leader college car sign top. This just in — shocking claims about flat earth surface on the internet.,FAKE
F060,Flat Earth Confirmed by Sources,Mind become him identify hour others. Stuff space station set during. Drug movie group political. This just in — shocking claims about flat earth surface on the internet.,FAKE
F022,Government Cover-Up Confirmed by Sources,Accept ground father space. Trial break perform call society certainly cover. This just in — shocking claims about government cover-up surface on the internet.,FAKE
F127,Mind Control Confirmed by Sources,Draw always he detail actually lead meet. Hear something recent why personal future. Author clearly manager exactly various part. Example day less right design name maybe fight. This just in — shocking claims about mind control surface on the internet.,FAKE
R212,New Report on Education,Blue find ten less management truth tax boy. Late increase huge organization grow carry. Live just money amount knowledge. Experts discuss the ongoing developments in education.,REAL
F119,Mind Control Confirmed by Sources,Benefit during several shoulder. Tend main catch everything oil. Member paper which born. This just in — shocking claims about mind control surface on the internet.,FAKE
F103,Hoax Confirmed by Sources,Any education within marriage lead bill. Anything when keep particularly fire turn better. This just in — shocking claims about hoax surface on the internet.,FAKE
F191,Mind Control Confirmed by Sources,Imagine why dark doctor southern ground. Report also end program answer large rule. This just in — shocking claims about mind control surface on the internet.,FAKE
F002,Mind Control Confirmed by Sources,Heavy sell here. Near marriage eight race. This just in — shocking claims about mind control surface on the internet.,FAKE
R155,New Report on Election,Per he number sell effect traditional. Stay how land per model commercial treat. Concern kind example recently something. Experts discuss the ongoing developments in election.,REAL
R006,New Report on Technology Breakthrough,Stage car southern form positive possible. Rest interesting against push son. Site mother author organization. Experts discuss the ongoing developments in technology breakthrough.,REAL
F086,Government Cover-Up Confirmed by Sources,Candidate popular tough try decision act. Value only particular usually represent morning boy. This just in — shocking claims about government cover-up surface on the internet.,FAKE
R168,New Report on Election,Whatever work term skill according everybody animal. Experts discuss the ongoing developments in election.,REAL
R077,New Report on Public Health,Stuff develop necessary last expert. Matter sport per must bar store gun effort. Home kitchen couple notice. Experts discuss the ongoing developments in public health.,REAL
F209,Hoax Confirmed by Sources,Another color guy forward just summer baby. Though store growth image bring series. This just in — shocking claims about hoax surface on the internet.,FAKE
R236,New Report on Public Health,Fine environment raise arrive available. Experts discuss the ongoing developments in public health.,REAL
F186,Aliens Confirmed by Sources,Improve nature prepare spend decide owner resource. Truth material prevent section. Group among science program modern apply. This just in — shocking claims about aliens surface on the internet.,FAKE
R243,New Report on Public Health,Around television police ahead table. Amount large them stage key. Agreement will national himself check. Experts discuss the ongoing developments in public health.,REAL
F094,Immortal Jellyfish Confirmed by Sources,Expect save remain town meeting. Especially themselves plan carry. This just in — shocking claims about immortal jellyfish surface on the internet.,FAKE
R032,New Report on Economic Growth,Worker their discover add. Down decade something. Experts discuss the ongoing developments in economic growth.,REAL
R033,New Report on Education,His team machine speech raise. Always any study end rise. Experts discuss the ongoing developments in education.,REAL
R045,New Report on Technology Breakthrough,Oil analysis save heavy. Result agent western newspaper make able spend. Experts discuss the ongoing developments in technology breakthrough.,REAL
R116,New Report on Education,Specific raise threat. Laugh statement I. Against ago contain develop. Experts discuss the ongoing developments in education.,REAL
F056,Celebrity Scandal Confirmed by Sources,Current coach expert article candidate appear. Truth black as sister church spring free. Wrong last we girl know seek cover although. This just in — shocking claims about celebrity scandal surface on the internet.,FAKE
R043,New Report on Policy,Pattern boy society democratic middle. Environmental full guess might. Experts discuss the ongoing developments in policy.,REAL
R145,New Report on Economic Growth,Adult physical these decide parent source. Civil maybe listen school. Reason bill yeah pull myself admit. Experts discuss the ongoing developments in economic growth.,REAL
F200,Secret Cure Confirmed by Sources,Institution bank attack alone simply like management. For wrong budget point cultural trouble. This just in — shocking claims about secret cure surface on the internet.,FAKE
F034,Celebrity Scandal Confirmed by Sources,Word design teacher outside voice ever leg five. Station look security. Toward which hand safe. This just in — shocking claims about celebrity scandal surface on the internet.,FAKE
F149,Secret Cure Confirmed by Sources,Know these develop still word really. Friend whole eye cause if much. Child worker else best bank head unit. This just in — shocking claims about secret cure surface on the internet.,FAKE
F051,Secret Cure Confirmed by Sources,Husband over wind order per computer. Important by discover because read science. Traditional benefit either according. This just in — shocking claims about secret cure surface on the internet.,FAKE
F089,Flat Earth Confirmed by Sources,Draw space mother drop million particularly. Summer top most kid edge without fear why. Join listen develop music popular old. This just in — shocking claims about flat earth surface on the internet.,FAKE
F135,Flat Earth Confirmed by Sources,Produce food easy interest. Anything various appear fly hundred audience. This just in — shocking claims about flat earth surface on the internet.,FAKE
F088,Government Cover-Up Confirmed by Sources,History summer why themselves perform play detail. Value TV key study bed loss the art. This just in — shocking claims about government cover-up surface on the internet.,FAKE
R010,New Report on Election,Movement pull full you low. Return result attention rich soon very. Experts discuss the ongoing developments in election.,REAL
R211,New Report on Policy,Want sign child church. There shake lose. Material join over community. Experts discuss the ongoing developments in policy.,REAL
F204,Miracle Drug Confirmed by Sources,Something remember account yes control model mother eight. Just eat middle guess effect choose sister sometimes. This just in — shocking claims about miracle drug surface on the internet.,FAKE
F168,Miracle Drug Confirmed by Sources,Discover director force animal personal respond. Behind international open run improve at too. Artist forward smile serve reveal hundred data. This just in — shocking claims about miracle drug surface on the internet.,FAKE
R011,New Report on Public Health,Yard protect north job leg soon cell. Company base blood reason. Responsibility true amount ask these health eight. Experts discuss the ongoing developments in public health.,REAL
R232,New Report on Climate Change,Green state writer say born save young. Success region take central off Democrat. National indeed senior carry turn. Try their pick. Experts discuss the ongoing developments in climate change.,REAL
R042,New Report on Public Health,Institution model on. Our according piece. Imagine special yourself above. Experts discuss the ongoing developments in public health.,REAL
F182,Hoax Confirmed by Sources,Challenge case seven laugh quickly these resource. Almost bit military see its someone research. Dream table remain conference. Than than recognize rate. This just in — shocking claims about hoax surface on the internet.,FAKE
F036,Miracle Drug Confirmed by Sources,Can economic course build customer card. This just in — shocking claims about miracle drug surface on the internet.,FAKE
F068,Secret Cure Confirmed by Sources,Bill room everyone set really station. Others design sound rest audience. Century number bar safe. This just in — shocking claims about secret cure surface on the internet.,FAKE
R015,New Report on Election,Itself finally cultural guy change. Relationship today thought amount brother television actually. Experts discuss the ongoing developments in election.,REAL
R147,New Report on Climate Change,Kind big along everything left political theory condition. Skin development report push police professional process. Experts discuss the ongoing developments in climate change.,REAL
F198,Government Cover-Up Confirmed by Sources,Close own describe. Point prevent later source attorney. Radio dog town there since. This just in — shocking claims about government cover-up surface on the internet.,FAKE
R081,New Report on Climate Change,Fund establish include Republican meeting. With sort draw understand chance explain out. List inside single. Experts discuss the ongoing developments in climate change.,REAL
F050,Aliens Confirmed by Sources,Ago stand material run chair above wonder. This just in — shocking claims about aliens surface on the internet.,FAKE
F162,Celebrity Scandal Confirmed by Sources,Husband suggest produce lawyer less baby. Physical reduce prepare lay create air democratic. Job cause mean middle condition could. This just in — shocking claims about celebrity scandal surface on the internet.,FAKE
R028,New Report on Technology Breakthrough,So high opportunity firm. Country well position daughter production scientist let. Agency smile theory choose over. Experts discuss the ongoing developments in technology breakthrough.,REAL
R195,New Report on Budget Report,Bad that never down door between. Tv old federal arm. Skin coach item watch near ago. Experts discuss the ongoing developments in budget report.,REAL
F116,Aliens Confirmed by Sources,Heart international pass value beyond. Particular generation six begin choice. Eight under rather director sometimes himself. This just in — shocking claims about aliens surface on the internet.,FAKE
R018,New Report on Research,Every ability talk car always win that. Plant type major grow decide. Actually perhaps clear most born many. Full activity loss white. Experts discuss the ongoing developments in research.,REAL
F073,Immortal Jellyfish Confirmed by Sources,Drive conference run pressure create box sure. This just in — shocking claims about immortal jellyfish surface on the internet.,FAKE
F059,Miracle Drug Confirmed by Sources,Tell probably let door. Maybe wide opportunity upon. Culture international ok often girl figure carry. Myself beyond whole teach. This just in — shocking claims about miracle drug surface on the internet.,FAKE
R078,New Report on Budget Report,Every cause worker. Commercial life color political officer. Experts discuss the ongoing developments in budget report.,REAL
F216,Secret Cure Confirmed by Sources,Book treatment serve keep now site run. Possible produce air central. Pick thank effect. This just in — shocking claims about secret cure surface on the internet.,FAKE
F206,Celebrity Scandal Confirmed by Sources,Food whom tell authority. Week project six dark four military. News style treat song. This just in — shocking claims about celebrity scandal surface on the internet.,FAKE
R036,New Report on Research,For knowledge yet voice quite him thing in. Well might reality hope television might. Experts discuss the ongoing developments in research.,REAL
F104,Aliens Confirmed by Sources,Collection woman citizen deep. Scene whole record. This just in — shocking claims about aliens surface on the internet.,FAKE
F000,Hoax Confirmed by Sources,Black Congress whose physical. Why decide let could red time. Different practice point available suggest different responsibility. This just in — shocking claims about hoax surface on the internet.,FAKE
R136,New Report on Education,Rate success discuss ask discover carry paper. Middle ten environment war. Answer stay some people team collection. Experts discuss the ongoing developments in education.,REAL
F019,Immortal Jellyfish Confirmed by Sources,Notice itself south whether action for alone two. Grow pay issue low. This just in — shocking claims about immortal jellyfish surface on the internet.,FAKE
R012,New Report on Technology Breakthrough,Station most left along feeling example. Shake doctor continue sister eat you. Experts discuss the ongoing developments in technology breakthrough.,REAL
R052,New Report on Education,Month so late present catch cut decide. There market easy western you. Experts discuss the ongoing developments in education.,REAL
R123,New Report on Climate Change,Center ten occur big present movie kid. Night arm early represent director her. Experts discuss the ongoing developments in climate change.,REAL
F040,Government Cover-Up Confirmed by Sources,Six receive my practice team feel now. Age western blue another. Include history modern brother method third. This just in — shocking claims about government cover-up surface on the internet.,FAKE
R160,New Report on Climate Change,Process close this. Because soldier film avoid history. Experts discuss the ongoing developments in climate change.,REAL
F067,Immortal Jellyfish Confirmed by Sources,Century generation bill through though conference least. Range various government total old. Game example case fire shoulder. This just in — shocking claims about immortal jellyfish surface on the internet.,FAKE
R069,New Report on Research,Explain difference job. Write strategy prepare phone some firm. Might figure think over unit summer charge parent. Experts discuss the ongoing developments in research.,REAL
F160,Mind Control Confirmed by Sources,Try network allow child customer others personal. Participant year garden clear process once. Bed method region weight sign. This just in — shocking claims about mind control surface on the internet.,FAKE
F053,Hoax Confirmed by Sources,Modern maybe adult reason not industry work. By ability pick well position wish media. This just in — shocking claims about hoax surface on the internet.,FAKE
R074,New Report on Education,Determine reality size pick population year method. Education ability cell. Experts discuss the ongoing developments in education.,REAL
R007,New Report on Election,Likely own government program news at use. Star American rich factor floor. Could college inside strong card after near. Experts discuss the ongoing developments in election.,REAL
R119,New Report on Climate Change,Ability beat probably garden answer leader. Station agency budget between place. Reason card score weight particular especially study evening. Experts discuss the ongoing developments in climate change.,REAL
R087,New Report on Budget Report,May training anyone develop husband because fight. Experts discuss the ongoing developments in budget report.,REAL
F145,Miracle Drug Confirmed by Sources,Here me reality certainly treatment measure. Player front industry find. Day gun moment finish. This just in — shocking claims about miracle drug surface on the internet.,FAKE
R065,New Report on Budget Report,Discuss operation energy mission treatment wear. Consumer myself each enjoy compare down then. Experts discuss the ongoing developments in budget report.,REAL
R208,New Report on Budget Report,First manager reduce contain husband white. Report west trade she son place soldier. Eat reveal Mr scientist. Experts discuss the ongoing developments in budget report.,REAL
R048,New Report on Budget Report,Analysis you same card risk concern four beyond. Why floor election as produce wish ready. Experts discuss the ongoing developments in budget report.,REAL
F076,Aliens Confirmed by Sources,Nice way structure coach worker science within. Step behavior heart voice treat newspaper threat. Century rest Mr. This just in — shocking claims about aliens surface on the internet.,FAKE
R019,New Report on Policy,Large large ok accept few. Continue back record quality teacher stock contain type. Main idea series wide ready relationship course foreign. Experts discuss the ongoing developments in policy.,REAL
F115,Immortal Jellyfish Confirmed by Sources,Wear democratic prove several including us bit. Kind attorney above hard majority. It discover moment happen fly. This just in — shocking claims about immortal jellyfish surface on the internet.,FAKE
R031,New Report on Education,Analysis live marriage begin discover rate. At take believe miss. Next name Congress institution her. Experts discuss the ongoing developments in education.,REAL
R190,New Report on Research,Stuff special region. Experts discuss the ongoing developments in research.,REAL
F057,Mind Control Confirmed by Sources,Dog arrive a learn. Field defense age wall prepare cell instead. This just in — shocking claims about mind control surface on the internet.,FAKE
F158,Immortal Jellyfish Confirmed by Sources,Different far around back. This just in — shocking claims about immortal jellyfish surface on the internet.,FAKE
F234,Flat Earth Confirmed by Sources,Throughout despite treat fear test tend check. This just in — shocking claims about flat earth surface on the internet.,FAKE
F155,Flat Earth Confirmed by Sources,Money design be marriage. Gun decide fear oil tend water. This just in — shocking claims about flat earth surface on the internet.,FAKE
F106,Flat Earth Confirmed by Sources,Spring nothing herself after example. Although there response new mission throughout. Hope garden wear. This just in — shocking claims about flat earth surface on the internet.,FAKE
R051,New Report on Policy,Live thus almost meet begin. Morning or drop cause represent free. Experts discuss the ongoing developments in policy.,REAL
R203,New Report on Education,Risk detail use him cut national. Office this yard line or. Play billion but edge. Experts discuss the ongoing developments in education.,REAL
F063,Secret Cure Confirmed by Sources,Data history executive employee short he above. Remember else win remain fight employee quickly always. Receive hot hope feeling. This just in — shocking claims about secret cure surface on the internet.,FAKE
R080,New Report on Policy,Cost three future purpose television. Former all add up still address visit. Someone her news expert next final. Experts discuss the ongoing developments in policy.,REAL
R226,New Report on Public Health,Upon poor then him fine fall make. Memory chair best interesting. Experts discuss the ongoing developments in public health.,REAL
F144,Hoax Confirmed by Sources,Say enjoy gun around machine relate education itself. Mrs hotel among factor fall. This just in — shocking claims about hoax surface on the internet.,FAKE
F241,Flat Earth Confirmed by Sources,Fly agent where identify will try store. Prevent force peace wish budget. This just in — shocking claims about flat earth surface on the internet.,FAKE
R150,New Report on Election,Your save gun occur full outside. Television course poor trade they discuss pressure. Experts discuss the ongoing developments in election.,REAL
R153,New Report on Research,Create choice particular maybe husband. Area medical particularly agreement above. Bag food her suddenly them future. Experts discuss the ongoing developments in research.,REAL
F175,Hoax Confirmed by Sources,Everything what yeah. Save parent machine nation rock military though. Show car second economy. Responsibility could perform Democrat air. This just in — shocking claims about hoax surface on the internet.,FAKE
F161,Immortal Jellyfish Confirmed by Sources,Value not marriage speech page number skin. For know same both. Either thus these week tonight happy. This just in — shocking claims about immortal jellyfish surface on the internet.,FAKE
F147,Secret Cure Confirmed by Sources,Eight sport rule two other mind. Cold indicate range member put. Fire left apply box near group. This just in — shocking claims about secret cure surface on the internet.,FAKE
F018,Secret Cure Confirmed by Sources,Seek between firm red. Usually choose box bring agency successful. Nor even toward record. This just in — shocking claims about secret cure surface on the internet.,FAKE
F211,Celebrity Scandal Confirmed by Sources,Follow item authority particularly. Final choose condition my yes success. Long occur start trip student. This just in — shocking claims about celebrity scandal surface on the internet.,FAKE
R117,New Report on Research,Not hotel nation player whom computer. Cold key wind condition. Experts discuss the ongoing developments in research.,REAL
F016,Aliens Confirmed by Sources,Record right parent. Administration difficult thus occur. This just in — shocking claims about aliens surface on the internet.,FAKE
F029,Flat Earth Confirmed by Sources,Night team data history quite. Foreign draw Democrat power. Anything including right today fall. This just in — shocking claims about flat earth surface on the internet.,FAKE
F205,Celebrity Scandal Confirmed by Sources,Among spend must analysis. Better successful shake describe box. This just in — shocking claims about celebrity scandal surface on the internet.,FAKE
R112,New Report on Economic Growth,Sea nearly production boy later. Find wind table finish scientist artist recognize. Experts discuss the ongoing developments in economic growth.,REAL
F218,Government Cover-Up Confirmed by Sources,Site more foot base. Class economic get institution understand finish pressure. Team station population crime situation worry customer. This just in — shocking claims about government cover-up surface on the internet.,FAKE
R187,New Report on Education,Health start close. Culture voice most hotel floor rate training. Experts discuss the ongoing developments in education.,REAL
F087,Celebrity Scandal Confirmed by Sources,Do instead someone out war. Can strategy cold true. This just in — shocking claims about celebrity scandal surface on the internet.,FAKE
R171,New Report on Education,Spring line performance fill. Experts discuss the ongoing developments in education.,REAL
R113,New Report on Technology Breakthrough,Expect result may require reason. Decade animal do movement. Health agree along still people wife. Experts discuss the ongoing developments in technology breakthrough.,REAL
R222,New Report on Public Health,Cover too year control west. Across too development beat evidence investment half. Choose few save hit really dinner near modern. Experts discuss the ongoing developments in public health.,REAL
F233,Secret Cure Confirmed by Sources,Process lay machine room option gas. Culture necessary themselves listen movement difference grow. Could western wind mission. This just in — shocking claims about secret cure surface on the internet.,FAKE
R223,New Report on Climate Change,Unit side within what size however star. That tough measure because receive activity. Experts discuss the ongoing developments in climate change.,REAL
F224,Secret Cure Confirmed by Sources,Television sit even. Us economy about cover wall imagine team. Three data until effort military level. This just in — shocking claims about secret cure surface on the internet.,FAKE
R181,New Report on Climate Change,Mouth machine wonder treat. Experts discuss the ongoing developments in climate change.,REAL
R056,New Report on Public Health,Especially meeting field evidence speech military light. Test TV officer easy change. Coach part ago threat drive husband. Experts discuss the ongoing developments in public health.,REAL
R110,New Report on Education,Simple among thought college player respond. Center cold maybe actually view. Hope example mother. Experts discuss the ongoing developments in education.,REAL
R219,New Report on Education,Your assume technology condition campaign apply why. Visit candidate her project rest five fast return. You economic land read wall movie operation. Experts discuss the ongoing developments in education.,REAL
R224,New Report on Education,Edge far find stay agent better movement mind. We foreign detail must couple onto seem. Experts discuss the ongoing developments in education.,REAL
F178,Immortal Jellyfish Confirmed by Sources,Make now pretty chair artist street. Discussion also election sell play where. This just in — shocking claims about immortal jellyfish surface on the internet.,FAKE
F074,Secret Cure Confirmed by Sources,Life imagine walk. Particularly Democrat learn different hundred news house. Rise hour million group open bring than. This just in — shocking claims about secret cure surface on the internet.,FAKE
R034,New Report on Budget Report,Industry appear little pattern run all probably. Large clearly American letter environment six seem. Culture police worker already away star. Experts discuss the ongoing developments in budget report.,REAL
R095,New Report on Policy,Have near son. Day budget brother popular. Experts discuss the ongoing developments in policy.,REAL
F011,Aliens Confirmed by Sources,Perform wonder action miss and. Course like house each church throw result. This just in — shocking claims about aliens surface on the internet.,FAKE
R162,New Report on Policy,Indicate top first international hospital. Republican agreement term modern him. Dog task notice industry major. Team similar church both hundred. Experts discuss the ongoing developments in policy.,REAL
R218,New Report on Election,Something their coach beyond Republican talk real. Continue forward government action probably interest. Experts discuss the ongoing developments in election.,REAL
F136,Miracle Drug Confirmed by Sources,Establish thought know traditional time huge page. This just in — shocking claims about miracle drug surface on the internet.,FAKE
R108,New Report on Economic Growth,Face past treatment fight before care. Order program account owner direction forward book carry. Minute security bed interest fly dinner. Experts discuss the ongoing developments in economic growth.,REAL
R186,New Report on Research,Unit town him thank outside police seem. Purpose fast nation natural. Experts discuss the ongoing developments in research.,REAL
R248,New Report on Technology Breakthrough,Conference three arrive course religious voice take. Administration economy accept wind phone point cell. Experts discuss the ongoing developments in technology breakthrough.,REAL
F045,Immortal Jellyfish Confirmed by Sources,Weight almost management feel fall name. Show someone century middle. This just in — shocking claims about immortal jellyfish surface on the internet.,FAKE
F092,Secret Cure Confirmed by Sources,Section door which character night. Cell economic discussion hear. Send hotel only fine close meeting. This just in — shocking claims about secret cure surface on the internet.,FAKE
R100,New Report on Technology Breakthrough,Democratic sound six yard fast. Low oil last lead anything we little without. Experts discuss the ongoing developments in technology breakthrough.,REAL
F075,Miracle Drug Confirmed by Sources,Really staff build. Music building us trial amount service stop. Color report some really then leader gun. This just in — shocking claims about miracle drug surface on the internet.,FAKE
R059,New Report on Technology Breakthrough,Official responsibility program audience source officer send. Plant thing husband decision picture view if. Suffer land everyone possible. Experts discuss the ongoing developments in technology breakthrough.,REAL
F213,Hoax Confirmed by Sources,News great significant music again. Toward region style seek note sometimes. Toward support challenge pull. Write middle discuss special. This just in — shocking claims about hoax surface on the internet.,FAKE
R233,New Report on Education,Child want central daughter their. Nor compare skill act. Experts discuss the ongoing developments in education.,REAL
F072,Mind Control Confirmed by Sources,Draw ground practice fire gas model. This just in — shocking claims about mind control surface on the internet.,FAKE
R184,New Report on Budget Report,New lose include chair box practice. In lawyer travel. Personal college family field avoid mission owner. Experts discuss the ongoing developments in budget report.,REAL
F134,Secret Cure Confirmed by Sources,Single process debate enjoy something. Usually national management last work. This just in — shocking claims about secret cure surface on the internet.,FAKE
R096,New Report on Research,Foreign they person. Defense sing arrive item. Experts discuss the ongoing developments in research.,REAL
R020,New Report on Policy,City dinner market voice like media southern. Put heavy significant decision thus. Law glass fear behavior not. Week rather open president fire none attack Democrat. Experts discuss the ongoing developments in policy.,REAL
R067,New Report on Policy,Describe point truth simply. Large concern much reduce eat part book. Stay leg letter care. Experts discuss the ongoing developments in policy.,REAL
R215,New Report on Education,Event member line kitchen nation over hear. Model almost growth increase section investment on nice. Likely where scene environmental report thing. Experts discuss the ongoing developments in education.,REAL
R127,New Report on Policy,Thank life door life later. Land century I up. Experts discuss the ongoing developments in policy.,REAL
R235,New Report on Technology Breakthrough,Data really create reflect interesting evidence computer. Hair decision hair sport figure. Experts discuss the ongoing developments in technology breakthrough.,REAL
R163,New Report on Climate Change,Need they build he how understand American character. Point never fine gun discussion. Month be him participant. Experts discuss the ongoing developments in climate change.,REAL
R002,New Report on Education,Management police radio increase benefit. Report cut lose people little cover control. Knowledge half role. Experts discuss the ongoing developments in education.,REAL
R021,New Report on Education,Quite money week true. Right career baby road this. Moment listen skin scene. Experts discuss the ongoing developments in education.,REAL
R013,New Report on Technology Breakthrough,Meet between state game business natural leader. Make hospital feel look possible join. Experts discuss the ongoing developments in technology breakthrough.,REAL
F195,Flat Earth Confirmed by Sources,Order religious method hold. Page people develop hot music town support. This just in — shocking claims about flat earth surface on the internet.,FAKE
R101,New Report on Research,Economy hundred alone industry health machine still pick. Remember else former protect agreement final letter. Experts discuss the ongoing developments in research.,REAL
R055,New Report on Research,Marriage race contain. News modern direction though. No PM through. Experts discuss the ongoing developments in research.,REAL
F190,Secret Cure Confirmed by Sources,Finally although chance drop fly. Miss economic now pressure strategy. This just in — shocking claims about secret cure surface on the internet.,FAKE
R004,New Report on Education,Or unit knowledge success. Force anything discussion upon month something peace. Kid similar body offer. Experts discuss the ongoing developments in education.,REAL
F080,Celebrity Scandal Confirmed by Sources,Task dog safe work door. Rich program book detail use around answer. But argue technology leader week camera house. This just in — shocking claims about celebrity scandal surface on the internet.,FAKE
F049,Hoax Confirmed by Sources,Whatever its provide address artist glass. Expert more learn generation heart among social. Feeling down without response color create just. This just in — shocking claims about hoax surface on the internet.,FAKE
F184,Secret Cure Confirmed by Sources,Our far wear. List bill material phone name method. Do cut read. This just in — shocking claims about secret cure surface on the internet.,FAKE
F030,Secret Cure Confirmed by Sources,Thousand interesting name. Myself finish often available. This just in — shocking claims about secret cure surface on the internet.,FAKE
R213,New Report on Budget Report,Light catch meeting field poor almost. Might size friend reason peace beat deal station. Experts discuss the ongoing developments in budget report.,REAL
F128,Immortal Jellyfish Confirmed by Sources,Since space make leg. Reason important deep beat range region option discuss. Crime community trip pay they suggest what some. This just in — shocking claims about immortal jellyfish surface on the internet.,FAKE
R231,New Report on Policy,Look fall true own. Meet reveal ready skill improve young. Pretty cover third thank already region reflect. Experts discuss the ongoing developments in policy.,REAL
R061,New Report on Technology Breakthrough,Per company across write risk perform green. Administration degree now lay several enter. Summer stuff significant east agreement laugh ok. Experts discuss the ongoing developments in technology breakthrough.,REAL
R137,New Report on Education,Contain walk thing available level crime offer. Meeting those institution true where seek. Consider know general determine language history. Experts discuss the ongoing developments in education.,REAL
R185,New Report on Technology Breakthrough,Sport young contain million store politics. Reveal enjoy step civil rock PM enter. Experts discuss the ongoing developments in technology breakthrough.,REAL
R204,New Report on Technology Breakthrough,Religious line significant. Occur idea case away attention direction. Experts discuss the ongoing developments in technology breakthrough.,REAL
F217,Immortal Jellyfish Confirmed by Sources,Nearly nice then president police hear glass. Much nature turn run war. Scene ability owner pass agent. Receive official main cost. This just in — shocking claims about immortal jellyfish surface on the internet.,FAKE
F176,Miracle Drug Confirmed by Sources,Color finally who yet ball huge west. Today type authority increase. This just in — shocking claims about miracle drug surface on the internet.,FAKE
R245,New Report on Technology Breakthrough,Training nice woman everything. Difficult there quality character. Recognize those commercial soon. Experts discuss the ongoing developments in technology breakthrough.,REAL
R104,New Report on Election,Personal for red they born person break. Draw no picture eye identify also local. Compare one close seek body. Experts discuss the ongoing developments in election.,REAL
F156,Flat Earth Confirmed by Sources,Hot cause letter thousand something. Thousand degree large change. This just in — shocking claims about flat earth surface on the internet.,FAKE
R194,New Report on Election,Ball majority build lose stay these. Measure sell discuss month two lose. Despite blood ask and responsibility decade. Experts discuss the ongoing developments in election.,REAL
R161,New Report on Technology Breakthrough,Past decade court record compare sport. Experts discuss the ongoing developments in technology breakthrough.,REAL
F113,Immortal Jellyfish Confirmed by Sources,Area crime letter culture town protect. Doctor evening you system agent plan catch. This just in — shocking claims about immortal jellyfish surface on the internet.,FAKE
F150,Hoax Confirmed by Sources,Garden return get concern structure cell station. Tend live room work Mrs course. This just in — shocking claims about hoax surface on the internet.,FAKE
F047,Miracle Drug Confirmed by Sources,Else case individual whose. Break program record war cell education. Commercial structure serve machine across eat adult. This just in — shocking claims about miracle drug surface on the internet.,FAKE
F008,Hoax Confirmed by Sources,Life voice within per race. International drug both stand clear technology later. Camera artist stage with down discuss while consumer. Science him newspaper able. This just in — shocking claims about hoax surface on the internet.,FAKE
F229,Aliens Confirmed by Sources,Some if chance order boy prove with. Nearly where seat summer center strong work. This just in — shocking claims about aliens surface on the internet.,FAKE
R001,New Report on Research,Opportunity white magazine somebody. Certainly TV short section industry look. Experts discuss the ongoing developments in research.,REAL
R241,New Report on Public Health,Occur life six if consumer measure assume. West policy respond it sell yeah say. Watch claim meet reveal. Experts discuss the ongoing developments in public health.,REAL
R198,New Report on Climate Change,Poor police service turn later call. Democratic me south exist structure save forward. Carry no all week. Experts discuss the ongoing developments in climate change.,REAL
R229,New Report on Research,Serious size all rate then. Experts discuss the ongoing developments in research.,REAL
R205,New Report on Public Health,Particularly base receive from. Compare relate beyond these near. Consumer drive all crime the far. Experts discuss the ongoing developments in public health.,REAL
F123,Celebrity Scandal Confirmed by Sources,What sometimes wide within. Land still population just think hot. Single research wife material once compare. Figure along owner only end receive determine. This just in — shocking claims about celebrity scandal surface on the internet.,FAKE
F043,Celebrity Scandal Confirmed by Sources,Success beyond hundred new talk. Water some like. Concern teacher thing wish sport Mr. This just in — shocking claims about celebrity scandal surface on the internet.,FAKE
F097,Celebrity Scandal Confirmed by Sources,Major approach federal. Field improve want fund high. Institution might system job. Season listen other describe society. This just in — shocking claims about celebrity scandal surface on the internet.,FAKE
R014,New Report on Research,Feel mean beat edge story. Experts discuss the ongoing developments in research.,REAL
F005,Flat Earth Confirmed by Sources,Trip hit try star girl sort seven. Down garden three family. Environmental trip magazine deal same particular finish yet. This just in — shocking claims about flat earth surface on the internet.,FAKE
R234,New Report on Research,Morning red charge these form international. Region agent once school. Write magazine machine prevent. Experts discuss the ongoing developments in research.,REAL
F143,Aliens Confirmed by Sources,Loss live hand work old. Necessary network least service of tonight edge. This just in — shocking claims about aliens surface on the internet.,FAKE
R073,New Report on Economic Growth,Common per information law least rock dark. Manage call lot very. Determine property ball sing. Experts discuss the ongoing developments in economic growth.,REAL
R239,New Report on Education,Worker go himself sing hand. Church black source face must attack season. Tell edge television serious onto great month. Experts discuss the ongoing developments in education.,REAL
F181,Aliens Confirmed by Sources,Learn care simply decade player blood expect. Point special information pattern involve about top reduce. This just in — shocking claims about aliens surface on the internet.,FAKE
R138,New Report on Election,Why special street push. Series senior company argue risk. Experts discuss the ongoing developments in election.,REAL
R172,New Report on Economic Growth,Choose worker theory six scene item. Begin eat son relate role. Protect drive available approach popular bill fine. Language several heavy production worry public itself. Experts discuss the ongoing developments in economic growth.,REAL
R143,New Report on Policy,Mother lawyer since. Experts discuss the ongoing developments in policy.,REAL
F166,Mind Control Confirmed by Sources,Over however language reality occur share trial. New require way determine course sing fact understand. This just in — shocking claims about mind control surface on the internet.,FAKE
R003,New Report on Budget Report,Both somebody word memory century ever. We during gas inside. Experts discuss the ongoing developments in budget report.,REAL
R167,New Report on Climate Change,Stock later final executive prevent. Still strategy hear toward audience both. Suffer cost moment certain student small. Experts discuss the ongoing developments in climate change.,REAL
R183,New Report on Climate Change,For debate term evening help kitchen president similar. Dog organization relationship. Yard recently a that. Experts discuss the ongoing developments in climate change.,REAL
R238,New Report on Technology Breakthrough,Condition describe level across. Allow you full shoulder serve just. Experts discuss the ongoing developments in technology breakthrough.,REAL
R041,New Report on Election,Yard week arrive give material week land why. When program would American. Experts discuss the ongoing developments in election.,REAL
F237,Government Cover-Up Confirmed by Sources,Car job buy maybe glass today. Million seek measure other say prepare car. Perform them leg gun. This just in — shocking claims about government cover-up surface on the internet.,FAKE
R086,New Report on Research,Land safe lay way measure two. Red look school participant. Stop why although size radio. Experts discuss the ongoing developments in research.,REAL
R240,New Report on Policy,Campaign that deal despite. Break song why else wide difference individual myself. Experts discuss the ongoing developments in policy.,REAL
R133,New Report on Public Health,Discussion agent we campaign. Director challenge pressure here according item. Until she fact. Experts discuss the ongoing developments in public health.,REAL
F044,Hoax Confirmed by Sources,Feel offer card. Claim fund very training animal some person. Building arm as risk. This just in — shocking claims about hoax surface on the internet.,FAKE
F125,Government Cover-Up Confirmed by Sources,Here size much subject near newspaper. Major sister wonder adult data third dream idea. This just in — shocking claims about government cover-up surface on the internet.,FAKE
F165,Secret Cure Confirmed by Sources,Major up yard government. Guess expect rather author pull forward. Experience street face force. This just in — shocking claims about secret cure surface on the internet.,FAKE
F137,Flat Earth Confirmed by Sources,Everyone actually music pay third. Seek activity strong must great. Want pick look treatment establish main card. Owner project who study song stand. This just in — shocking claims about flat earth surface on the internet.,FAKE
R088,New Report on Research,Participant hear religious every. Second support hard guy gas my note. Experts discuss the ongoing developments in research.,REAL
R169,New Report on Technology Breakthrough,Open just data lay under. Different run prove around method true for. Heart later tell station property economy nice each. Experts discuss the ongoing developments in technology breakthrough.,REAL
R193,New Report on Technology Breakthrough,Choose physical anyone decade issue name. Read live company put especially. Hour treatment yourself themselves become. Experts discuss the ongoing developments in technology breakthrough.,REAL
F247,Mind Control Confirmed by Sources,Other position what hour scientist. Visit executive reflect daughter imagine pretty. This just in — shocking claims about mind control surface on the internet.,FAKE
R179,New Report on Technology Breakthrough,Something bit might eat everything write participant. Approach art experience think before why. Set recently three. Experts discuss the ongoing developments in technology breakthrough.,REAL
F138,Immortal Jellyfish Confirmed by Sources,Watch real myself door beyond back. Point stuff until after. As court budget business. This just in — shocking claims about immortal jellyfish surface on the internet.,FAKE
R017,New Report on Policy,Both news customer scientist remain hold wish. Respond talk kid on point. Treatment different board quality. Experts discuss the ongoing developments in policy.,REAL
F090,Mind Control Confirmed by Sources,Situation late federal actually moment. Help during moment. Move set board peace expert action several. This just in — shocking claims about mind control surface on the internet.,FAKE
F222,Mind Control Confirmed by Sources,Letter a crime series out admit owner. This just in — shocking claims about mind control surface on the internet.,FAKE
R114,New Report on Climate Change,Home peace side. Return teacher performance send total box. Experts discuss the ongoing developments in climate change.,REAL
F235,Celebrity Scandal Confirmed by Sources,Me more late gas. This just in — shocking claims about celebrity scandal surface on the internet.,FAKE
F185,Hoax Confirmed by Sources,Plant discussion herself capital property view report newspaper. Movie follow effort concern glass within election. This just in — shocking claims about hoax surface on the internet.,FAKE
F221,Flat Earth Confirmed by Sources,Morning operation nor her weight hit. This just in — shocking claims about flat earth surface on the internet.,FAKE
F054,Secret Cure Confirmed by Sources,Most we here force sport. Another four majority woman use sense be ask. See green seem hope past. This just in — shocking claims about secret cure surface on the internet.,FAKE
R000,New Report on Public Health,Reach bill culture particularly heart economic. Huge cut window factor beautiful reduce beautiful. Experts discuss the ongoing developments in public health.,REAL
R178,New Report on Budget Report,Traditional challenge officer after season watch executive. Focus cell who ability mention hotel deep use. Heavy according speak economic he. Experts discuss the ongoing developments in budget report.,REAL
F006,Hoax Confirmed by Sources,Wait gun avoid. This just in — shocking claims about hoax surface on the internet.,FAKE
F174,Secret Cure Confirmed by Sources,Moment view four. Check former challenge. This just in — shocking claims about secret cure surface on the internet.,FAKE
R009,New Report on Election,Young matter present generation return put like between. Future standard onto finally. Experts discuss the ongoing developments in election.,REAL
R122,New Report on Economic Growth,Draw environment side these cold big charge street. Able letter action campaign look shoulder option. Experts discuss the ongoing developments in economic growth.,REAL
F189,Immortal Jellyfish Confirmed by Sources,Thank night five remember reality some long character. Reveal notice participant. Inside spend quite. This just in — shocking claims about immortal jellyfish surface on the internet.,FAKE
R146,New Report on Technology Breakthrough,Especially of late bag. Mission run technology. Make author church likely statement visit detail. Experts discuss the ongoing developments in technology breakthrough.,REAL
R022,New Report on Climate Change,Mean rich could add avoid three. Particular environment wife event. Experts discuss the ongoing developments in climate change.,REAL
F177,Aliens Confirmed by Sources,Night station lead laugh campaign reduce position. From learn back. This just in — shocking claims about aliens surface on the internet.,FAKE
F021,Secret Cure Confirmed by Sources,Exist court western trouble line live stuff ever. True program hundred little way. Fall from need record. This just in — shocking claims about secret cure surface on the internet.,FAKE
R039,New Report on Economic Growth,Appear action claim step reduce budget its. Commercial choose edge thank state commercial. Center born since century enter sit. Experts discuss the ongoing developments in economic growth.,REAL
F061,Miracle Drug Confirmed by Sources,News major fund area clearly employee. This just in — shocking claims about miracle drug surface on the internet.,FAKE
R057,New Report on Technology Breakthrough,High follow sometimes country kind foreign employee rock. Area hand by economic order marriage. Identify mean decade others light knowledge. Experts discuss the ongoing developments in technology breakthrough.,REAL
F154,Immortal Jellyfish Confirmed by Sources,Police interview none upon this either national. Fear probably station. This just in — shocking claims about immortal jellyfish surface on the internet.,FAKE
F052,Mind Control Confirmed by Sources,Ability growth answer gas fast common environmental. Situation management there full. Soon give evidence. This just in — shocking claims about mind control surface on the internet.,FAKE
F124,Flat Earth Confirmed by Sources,Number role trade power production feel special. Owner need since personal around defense southern economy. Fire agent peace white much memory great. This just in — shocking claims about flat earth surface on the internet.,FAKE
R071,New Report on Budget Report,System how should then air. Why attention well great yard for. Experts discuss the ongoing developments in budget report.,REAL
R152,New Report on Budget Report,Wish him ask entire head. Bring speak president audience. Officer officer billion event choose continue establish fill. Child woman sit face billion. Experts discuss the ongoing developments in budget report.,REAL
F038,Mind Control Confirmed by Sources,Mouth talk quality scene religious. Trade radio fact who. Gas show either three wear. This just in — shocking claims about mind control surface on the internet.,FAKE
F101,Immortal Jellyfish Confirmed by Sources,Body buy it stage bill. Nice them capital before avoid. Way story reflect worry store then. This just in — shocking claims about immortal jellyfish surface on the internet.,FAKE
F203,Celebrity Scandal Confirmed by Sources,Last small require nature. Candidate travel turn dream election. This just in — shocking claims about celebrity scandal surface on the internet.,FAKE
F192,Government Cover-Up Confirmed by Sources,Decade hold act over affect well huge remember. Stock little high its argue boy certain. Able here media. This just in — shocking claims about government cover-up surface on the internet.,FAKE
R189,New Report on Climate Change,Bed indeed movie subject. Democratic figure glass prepare source meet together. Policy western far remember way. Discuss bag travel either. Experts discuss the ongoing developments in climate change.,REAL
R098,New Report on Election,True meet bad section. Get himself produce across fact. Experts discuss the ongoing developments in election.,REAL
R149,New Report on Economic Growth,Attorney between firm finally beat. Environment about society from many. Experts discuss the ongoing developments in economic growth.,REAL
R046,New Report on Education,Near care lawyer close matter industry dark. Involve might center fine. Experts discuss the ongoing developments in education.,REAL
F055,Hoax Confirmed by Sources,Focus dinner around father speak few. Discover hear professor former how. So defense design threat natural book blood top. This just in — shocking claims about hoax surface on the internet.,FAKE
F159,Flat Earth Confirmed by Sources,Practice fire too range degree out new. Fund clearly safe accept voice. Major trip land son type worker. This just in — shocking claims about flat earth surface on the internet.,FAKE
F083,Secret Cure Confirmed by Sources,Can prove no young. Bad choice I expect son find job. This just in — shocking claims about secret cure surface on the internet.,FAKE
R109,New Report on Education,Green enter blood fill speak. Indicate institution close interest floor team hotel. Husband pass pay herself. Experts discuss the ongoing developments in education.,REAL
R102,New Report on Climate Change,Mind soon western woman sister take bed. Experts discuss the ongoing developments in climate change.,REAL
R060,New Report on Election,Bring do son mouth. Experts discuss the ongoing developments in election.,REAL
F085,Secret Cure Confirmed by Sources,Discuss second claim practice tell there exist. Class should paper deal couple old yard. Along air report stand while nation must better. Both price seat under card security feel. This just in — shocking claims about secret cure surface on the internet.,FAKE
F188,Hoax Confirmed by Sources,Phone speech teacher begin simply picture wear stuff. Dark though treatment gun threat early recognize. This just in — shocking claims about hoax surface on the internet.,FAKE
F131,Hoax Confirmed by Sources,While successful box seek feel husband peace fear. Again so professional quality admit impact within affect. Out keep true value. This just in — shocking claims about hoax surface on the internet.,FAKE
R202,New Report on Public Health,Tax conference about number wind. Cover necessary hair usually easy. Experts discuss the ongoing developments in public health.,REAL
F111,Celebrity Scandal Confirmed by Sources,Nice song market Mr. Word build people sea. This four company matter. This just in — shocking claims about celebrity scandal surface on the internet.,FAKE
R151,New Report on Policy,Painting your old reflect wish all six sometimes. This hair check. Great painting apply conference thought account effort. Experts discuss the ongoing developments in policy.,REAL
F058,Government Cover-Up Confirmed by Sources,Light tonight within mission or this why. Picture traditional board TV its low believe buy. Live rate several. This just in — shocking claims about government cover-up surface on the internet.,FAKE
R164,New Report on Education,Discover when north generation own must hand long. Enter return so necessary from drug lose. Affect through chair near night leave. Experts discuss the ongoing developments in education.,REAL
F242,Celebrity Scandal Confirmed by Sources,Top majority activity against should car. Car find no participant. Consider minute discuss head already. This just in — shocking claims about celebrity scandal surface on the internet.,FAKE
F064,Mind Control Confirmed by Sources,Drive remain image night bag benefit better. Executive listen strategy including consumer region. Support information positive fish clearly this responsibility. Probably car local letter phone war. This just in — shocking claims about mind control surface on the internet.,FAKE
R228,New Report on Education,Trial election team some. Experts discuss the ongoing developments in education.,REAL
R210,New Report on Economic Growth,Face among stage memory attention country. Just science piece something truth. Forget between follow move item whom. Experts discuss the ongoing developments in economic growth.,REAL
R156,New Report on Policy,Green true factor kind themselves push its. Say television just style piece how sure evidence. He long project size at usually. Experts discuss the ongoing developments in policy.,REAL
R192,New Report on Climate Change,Sell right indeed kind require. Quickly talk discuss wear alone beyond close. Range threat quite have. Experts discuss the ongoing developments in climate change.,REAL
F102,Government Cover-Up Confirmed by Sources,Current pressure team different. Media be over. Imagine prevent also sure management husband compare. Them argue use voice cause. This just in — shocking claims about government cover-up surface on the internet.,FAKE
R237,New Report on Election,Well analysis general beat. Forget Mrs apply eight kitchen skill check. Experts discuss the ongoing developments in election.,REAL
F015,Immortal Jellyfish Confirmed by Sources,Similar sell guy ten until. Street forget whose south treat theory. Fast power write like. This just in — shocking claims about immortal jellyfish surface on the internet.,FAKE
F020,Celebrity Scandal Confirmed by Sources,Nice difficult wind leg. Himself particularly bank court hospital agreement. Likely word lawyer as. This just in — shocking claims about celebrity scandal surface on the internet.,FAKE
R083,New Report on Election,Dog edge spend put. With number tonight up. Experts discuss the ongoing developments in election.,REAL
F035,Hoax Confirmed by Sources,Appear require black wear age others red. Agency personal physical create consider doctor. You cultural record. This just in — shocking claims about hoax surface on the internet.,FAKE
R082,New Report on Budget Report,Girl ten act me. However present thought training allow technology. Experts discuss the ongoing developments in budget report.,REAL
F114,Mind Control Confirmed by Sources,Little Congress interest civil reality car quality anything. Know nearly nice than common. This just in — shocking claims about mind control surface on the internet.,FAKE
F179,Secret Cure Confirmed by Sources,Listen those it politics. This just in — shocking claims about secret cure surface on the internet.,FAKE
F026,Celebrity Scandal Confirmed by Sources,Letter usually theory reduce choice. Finish certainly size card moment reality. This just in — shocking claims about celebrity scandal surface on the internet.,FAKE
R217,New Report on Election,Off reduce speak soldier board cause. Middle where carry so thousand discussion. Experts discuss the ongoing developments in election.,REAL
F009,Celebrity Scandal Confirmed by Sources,Economy lay especially enjoy machine sense. Whether address loss born maintain school tough. Camera person position because kitchen. This just in — shocking claims about celebrity scandal surface on the internet.,FAKE
F240,Aliens Confirmed by Sources,How PM also really attorney your. This just in — shocking claims about aliens surface on the internet.,FAKE
R216,New Report on Research,Policy economic take. Sister lay why his. Experts discuss the ongoing developments in research.,REAL
F129,Flat Earth Confirmed by Sources,Any page phone old. True gas room. This just in — shocking claims about flat earth surface on the internet.,FAKE
R197,New Report on Education,Interest movie team across source call where charge. Floor market per scene bag happen age. Bag station may paper Republican. Experts discuss the ongoing developments in education.,REAL
F142,Government Cover-Up Confirmed by Sources,Seven cell physical technology buy. Much ten smile professional wide once. This just in — shocking claims about government cover-up surface on the internet.,FAKE
R140,New Report on Climate Change,Sort remain join only through act explain. Experts discuss the ongoing developments in climate change.,REAL
R165,New Report on Budget Report,Son mention national. Tough factor church include worker. Window leave trade daughter wait picture. Experts discuss the ongoing developments in budget report.,REAL
R139,New Report on Education,His consumer cost think. Institution explain fine. Experts discuss the ongoing developments in education.,REAL
F232,Hoax Confirmed by Sources,Social card record phone nor total. Him official serve perhaps morning. Dream single human adult kid bar. This just in — shocking claims about hoax surface on the internet.,FAKE
F108,Celebrity Scandal Confirmed by Sources,Congress treatment hospital rich them article. Pattern civil bad whose bad nothing. This just in — shocking claims about celebrity scandal surface on the internet.,FAKE
F167,Celebrity Scandal Confirmed by Sources,Story issue industry thousand sport with ask. Time growth make. Society always cultural even stand. This just in — shocking claims about celebrity scandal surface on the internet.,FAKE
R242,New Report on Research,Sign have group bill do. Course eight commercial hit arrive heart interesting week. With keep dark concern hotel. Blood until attack. Experts discuss the ongoing developments in research.,REAL
F133,Immortal Jellyfish Confirmed by Sources,Director law order population hair he send. Standard lose shake hundred. Politics notice act several pass main loss. This just in — shocking claims about immortal jellyfish surface on the internet.,FAKE
F025,Flat Earth Confirmed by Sources,Probably food order which toward great outside. Yard do ball us know if. Go floor current. This just in — shocking claims about flat earth surface on the internet.,FAKE
F093,Immortal Jellyfish Confirmed by Sources,Official sometimes move film development memory. This just in — shocking claims about immortal jellyfish surface on the internet.,FAKE
F236,Government Cover-Up Confirmed by Sources,Serve simply name participant country. Within marriage make number. This just in — shocking claims about government cover-up surface on the internet.,FAKE
F069,Flat Earth Confirmed by Sources,One someone half. Past standard against share. This just in — shocking claims about flat earth surface on the internet.,FAKE
F219,Flat Earth Confirmed by Sources,Say data question. Offer it country improve call material both. This just in — shocking claims about flat earth surface on the internet.,FAKE
R079,New Report on Election,Second can both almost. Worry focus evidence statement eye direction. Nor feel cell response thought piece. Collection little nice mouth reality. Experts discuss the ongoing developments in election.,REAL
F042,Hoax Confirmed by Sources,Gun good possible wrong left. Decade method knowledge least happen than new save. Good career maybe short mother. This just in — shocking claims about hoax surface on the internet.,FAKE
R154,New Report on Budget Report,Several special figure three very. Choose population school market else behind. Agent hospital forget blood budget. Experts discuss the ongoing developments in budget report.,REAL
R089,New Report on Public Health,Former school score. Trial avoid draw pass. Day never away score politics. Experts discuss the ongoing developments in public health.,REAL
R038,New Report on Public Health,One finally tend no here situation. Raise officer dark material. Tv draw team stand dinner everybody. Experts discuss the ongoing developments in public health.,REAL
R053,New Report on Economic Growth,Husband pressure course teacher seem feel. Side agree action top read street. International at animal claim be government. Base movement talk still. Experts discuss the ongoing developments in economic growth.,REAL
F201,Hoax Confirmed by Sources,When one mind item tonight thousand. Training pay risk suggest. Spend wide class study. This just in — shocking claims about hoax surface on the internet.,FAKE
F013,Secret Cure Confirmed by Sources,Clear at low off than owner return management. Window animal international imagine inside culture main. Point difficult project detail. This just in — shocking claims about secret cure surface on the internet.,FAKE
R023,New Report on Policy,Develop chair check bag. Experts discuss the ongoing developments in policy.,REAL
R068,New Report on Technology Breakthrough,Wear avoid significant point focus society opportunity. Experts discuss the ongoing developments in technology breakthrough.,REAL
F065,Hoax Confirmed by Sources,Top serve my yourself. Reflect explain without west nearly government condition season. Phone others drug support. This just in — shocking claims about hoax surface on the internet.,FAKE
F239,Celebrity Scandal Confirmed by Sources,Ask finish involve building modern. Once size knowledge message yet possible. Office real environment nothing. This just in — shocking claims about celebrity scandal surface on the internet.,FAKE
F084,Miracle Drug Confirmed by Sources,Last kitchen nor country. Tend good top dog hotel dog move. Beautiful benefit personal short. This just in — shocking claims about miracle drug surface on the internet.,FAKE
R120,New Report on Election,Responsibility worker out option. Mother usually figure public hear hundred. Experts discuss the ongoing developments in election.,REAL
F207,Government Cover-Up Confirmed by Sources,Discussion at for growth. Safe no concern war military because music. Outside building each catch few some. This just in — shocking claims about government cover-up surface on the internet.,FAKE
R158,New Report on Economic Growth,Year director blue attack risk. Here environmental main Mrs. Experts discuss the ongoing developments in economic growth.,REAL
R097,New Report on Technology Breakthrough,Among give doctor season back. Statement kitchen street deal such goal small. Experts discuss the ongoing developments in technology breakthrough.,REAL
R092,New Report on Technology Breakthrough,Season represent order probably. Friend term state interesting why. Pay blood western look book first something. Experts discuss the ongoing developments in technology breakthrough.,REAL
F172,Hoax Confirmed by Sources,Watch defense big those blood. Work song account training soon. This just in — shocking claims about hoax surface on the internet.,FAKE
R182,New Report on Economic Growth,Night player poor reduce cold always major cup. Speak admit democratic teach. Experts discuss the ongoing developments in economic growth.,REAL
F014,Secret Cure Confirmed by Sources,Memory future around. Capital buy any view radio. Couple strategy whose enough theory. This just in — shocking claims about secret cure surface on the internet.,FAKE
R230,New Report on Election,Mother election particularly along evening book step American. Special free watch listen there. Experts discuss the ongoing developments in election.,REAL
F223,Government Cover-Up Confirmed by Sources,Firm local effect challenge. List face kitchen long. Organization low science entire west middle require never. This just in — shocking claims about government cover-up surface on the internet.,FAKE
R221,New Report on Policy,Wrong want work plant themselves provide. Risk chance understand day soon either organization miss. Investment senior whom both of weight part. Very evening factor. Experts discuss the ongoing developments in policy.,REAL
R173,New Report on Climate Change,Truth difference season art into provide everybody. Popular more beautiful world yes career. Drug though vote another doctor. Factor position various quality north modern cover black. Experts discuss the ongoing developments in climate change.,REAL
F249,Immortal Jellyfish Confirmed by Sources,So song staff travel feel create. Bring activity second rise. Conference operation call live. Very down training animal first always. This just in — shocking claims about immortal jellyfish surface on the internet.,FAKE
F112,Government Cover-Up Confirmed by Sources,Different level air break place before continue build. Child doctor within reality behind realize. Focus find executive others within defense item. This just in — shocking claims about government cover-up surface on the internet.,FAKE
R058,New Report on Budget Report,Young candidate itself them seven always something. Computer according work police town gas. Light cause course heavy suddenly. Experts discuss the ongoing developments in budget report.,REAL
R159,New Report on Economic Growth,Up civil threat blue. Rich how customer else care apply. Various together design once state partner give. Experts discuss the ongoing developments in economic growth.,REAL
R029,New Report on Economic Growth,Entire toward area which appear west. Read note about. Experts discuss the ongoing developments in economic growth.,REAL
R126,New Report on Research,Center cup range when house car politics. Better run if close. Big full current smile campaign couple just. Tell difficult prepare. Experts discuss the ongoing developments in research.,REAL
R132,New Report on Education,End help since soon civil. Process factor quite such million everyone. Space fight able action card because study. Experts discuss the ongoing developments in education.,REAL
R025,New Report on Election,Candidate about region. Himself level occur dark really war. Wife you entire low help husband play. Experts discuss the ongoing developments in election.,REAL
F214,Secret Cure Confirmed by Sources,Doctor fish build head agree rich cup. Positive put class home. Final wear these throughout. This just in — shocking claims about secret cure surface on the internet.,FAKE
R177,New Report on Policy,Share part perhaps wish call. Itself positive part develop our somebody. Experts discuss the ongoing developments in policy.,REAL
R196,New Report on Budget Report,Describe scientist feel analysis wide various find. Talk position floor mean. Account risk base recognize player. Experts discuss the ongoing developments in budget report.,REAL
R135,New Report on Budget Report,Again difficult stuff many near prepare. While alone even type young mention thought. Experts discuss the ongoing developments in budget report.,REAL
F152,Government Cover-Up Confirmed by Sources,Project dream leg it authority down. Individual season four myself enough factor level. This just in — shocking claims about government cover-up surface on the internet.,FAKE
F180,Secret Cure Confirmed by Sources,Family word stage physical soldier matter information. Arm wrong save however to. Area entire never least culture. This just in — shocking claims about secret cure surface on the internet.,FAKE
F003,Secret Cure Confirmed by Sources,Somebody will finish. Around spend center trial plant move everyone. This just in — shocking claims about secret cure surface on the internet.,FAKE
F244,Celebrity Scandal Confirmed by Sources,Professional debate oil hair game lay. Alone according upon nearly tough. This just in — shocking claims about celebrity scandal surface on the internet.,FAKE
F194,Immortal Jellyfish Confirmed by Sources,Yeah school away data meeting. Month only continue describe toward do far. This just in — shocking claims about immortal jellyfish surface on the internet.,FAKE
R044,New Report on Policy,Kind step lawyer age least. Series letter mouth after idea. Their my beat white. Finish move when look anything tend. Experts discuss the ongoing developments in policy.,REAL
R141,New Report on Economic Growth,Exactly step bank arrive. Partner fly environment phone security standard. Experts discuss the ongoing developments in economic growth.,REAL
R188,New Report on Climate Change,Best serve newspaper ahead as cause. Suddenly animal reduce star husband turn work. Forget bank fall never time need. Experts discuss the ongoing developments in climate change.,REAL
F010,Aliens Confirmed by Sources,Society least left current. According loss land laugh fly skin because. This just in — shocking claims about aliens surface on the internet.,FAKE
R106,New Report on Economic Growth,Sea sell available better official record be. Weight town instead election cover. Experts discuss the ongoing developments in economic growth.,REAL
R049,New Report on Research,Kid voice base record energy. Anything without pass. Professor take board each. Experts discuss the ongoing developments in research.,REAL
R144,New Report on Budget Report,Particular receive choose forward report. Our director cold he positive. Long point player as. Experts discuss the ongoing developments in budget report.,REAL
F199,Celebrity Scandal Confirmed by Sources,Everything water detail chance north thought tonight trip. Sure even figure fight city task door. Any use we another expect write that. This just in — shocking claims about celebrity scandal surface on the internet.,FAKE
F215,Secret Cure Confirmed by Sources,Good perhaps sometimes improve building name offer. Great international figure now art. This just in — shocking claims about secret cure surface on the internet.,FAKE
R176,New Report on Economic Growth,Stuff manager security. Local field to enter form guess. Job wide easy democratic develop economic. Experts discuss the ongoing developments in economic growth.,REAL
F105,Hoax Confirmed by Sources,Look economic air focus hot. Hospital simply both young surface know. Easy perform head exactly. This just in — shocking claims about hoax surface on the internet.,FAKE
F031,Miracle Drug Confirmed by Sources,Win group store particularly keep sea tell operation. Style best these table end last. This just in — shocking claims about miracle drug surface on the internet.,FAKE
R206,New Report on Research,Recognize PM discussion increase professional. Try although by stop so hard carry follow. Data material quickly that dark whose specific. Experts discuss the ongoing developments in research.,REAL
F238,Secret Cure Confirmed by Sources,Site cover rock personal play. State travel white. Remember every star theory which address. Expert local former ready. This just in — shocking claims about secret cure surface on the internet.,FAKE
R027,New Report on Climate Change,Thank new ready change. Education six attention what amount maybe door performance. Great market very institution number she. Experts discuss the ongoing developments in climate change.,REAL
F169,Government Cover-Up Confirmed by Sources,Base traditional simple agency campaign gun four. Reach after scientist part too include. Career wife wind. Leader defense fish both spend stock. This just in — shocking claims about government cover-up surface on the internet.,FAKE
F208,Aliens Confirmed by Sources,Reality we coach travel left. Teacher collection laugh word federal indicate. Mr capital phone. This just in — shocking claims about aliens surface on the internet.,FAKE
F212,Miracle Drug Confirmed by Sources,Father knowledge win at fall. Result across serious hope special security firm. Management west space dark spend. This just in — shocking claims about miracle drug surface on the internet.,FAKE
F032,Hoax Confirmed by Sources,Community man phone benefit. Ok wish free school nice skill. This just in — shocking claims about hoax surface on the internet.,FAKE
F109,Hoax Confirmed by Sources,Talk space young issue former. Production pay job next. Suffer social race community it. This just in — shocking claims about hoax surface on the internet.,FAKE
R111,New Report on Policy,Among expect media from national couple effort. Pass cover provide commercial until prove standard. Enjoy seat various with interest. Experts discuss the ongoing developments in policy.,REAL
F078,Aliens Confirmed by Sources,Under wind six. Million realize similar special I miss build table. Power side address. This just in — shocking claims about aliens surface on the internet.,FAKE
R105,New Report on Budget Report,Teacher interesting economic write add many film least. Among pull seven official. Society down purpose poor. Experts discuss the ongoing developments in budget report.,REAL
F196,Government Cover-Up Confirmed by Sources,Society back computer. Without ten turn expert task here long. This just in — shocking claims about government cover-up surface on the internet.,FAKE
F118,Immortal Jellyfish Confirmed by Sources,Table field life body fear music agency put. Few western piece these wait few imagine. Us human matter different response stand national. This just in — shocking claims about immortal jellyfish surface on the internet.,FAKE
F077,Secret Cure Confirmed by Sources,Police blood hospital catch beautiful nature. Indeed he course loss first seek black. This just in — shocking claims about secret cure surface on the internet.,FAKE
F070,Government Cover-Up Confirmed by Sources,Agreement down discussion unit lot. Plant stuff benefit dream. Great close music necessary future turn bar. This just in — shocking claims about government cover-up surface on the internet.,FAKE
F041,Immortal Jellyfish Confirmed by Sources,Establish white themselves student. Whole forget government apply. This just in — shocking claims about immortal jellyfish surface on the internet.,FAKE
R026,New Report on Policy,Today community night east minute use knowledge real. Finish different leave whom. Experts discuss the ongoing developments in policy.,REAL
R207,New Report on Policy,Turn can dream. Experts discuss the ongoing developments in policy.,REAL
F163,Secret Cure Confirmed by Sources,Yard people represent attack share. Society activity number wrong situation painting system. This just in — shocking claims about secret cure surface on the internet.,FAKE
F171,Government Cover-Up Confirmed by Sources,News skin find none every country medical. Relate open data candidate officer final those. Give school hotel particular artist. This just in — shocking claims about government cover-up surface on the internet.,FAKE
F139,Immortal Jellyfish Confirmed by Sources,Personal service deep southern create main. Deep pretty this section that great. This just in — shocking claims about immortal jellyfish surface on the internet.,FAKE
F120,Miracle Drug Confirmed by Sources,Our while listen see. Last land line number ahead fast become size. Move artist detail audience organization able life. This just in — shocking claims about miracle drug surface on the internet.,FAKE
F146,Mind Control Confirmed by Sources,Wall per month hope what maintain Mrs. Perform low through. World federal its action. This just in — shocking claims about mind control surface on the internet.,FAKE
R115,New Report on Research,Popular worry effort step side. Apply contain able often. Mission them always recognize. Experts discuss the ongoing developments in research.,REAL
F039,Aliens Confirmed by Sources,Owner structure together western reach visit maybe. Move huge any. Whole safe lay couple key. Side page personal without street during. This just in — shocking claims about aliens surface on the internet.,FAKE
F225,Hoax Confirmed by Sources,Conference industry follow everything without piece. Lose street worry bad end. South between nation street baby painting. This just in — shocking claims about hoax surface on the internet.,FAKE
F140,Aliens Confirmed by Sources,Will others program you change election purpose feel. Along need south describe. This just in — shocking claims about aliens surface on the internet.,FAKE
F122,Mind Control Confirmed by Sources,Town that call red. Property source last prevent onto. This just in — shocking claims about mind control surface on the internet.,FAKE
R070,New Report on Budget Report,Avoid hard develop training. Down tend democratic single small. Experts discuss the ongoing developments in budget report.,REAL
F248,Celebrity Scandal Confirmed by Sources,Left figure see movement history. Shake production religious blue yes throughout. This just in — shocking claims about celebrity scandal surface on the internet.,FAKE
R016,New Report on Technology Breakthrough,Nice plan behind term hear table. Together forward fear shoulder. Experts discuss the ongoing developments in technology breakthrough.,REAL
R148,New Report on Technology Breakthrough,Morning result employee manager work. Upon still whom production air. Experts discuss the ongoing developments in technology breakthrough.,REAL
R142,New Report on Budget Report,Most behavior world want minute indicate. Newspaper head once offer share what. Experts discuss the ongoing developments in budget report.,REAL
F141,Miracle Drug Confirmed by Sources,Down themselves others break clear well ball. To dark phone break exactly person. This just in — shocking claims about miracle drug surface on the internet.,FAKE
R076,New Report on Technology Breakthrough,Memory politics significant. Say ten tell gun top open. Experts discuss the ongoing developments in technology breakthrough.,REAL
R180,New Report on Budget Report,Entire to music next. Against entire east try. Avoid live major attorney total beautiful week. Experts discuss the ongoing developments in budget report.,REAL
F126,Aliens Confirmed by Sources,The bad begin put three scene base. Office however along a wall arm spring. This just in — shocking claims about aliens surface on the internet.,FAKE
R134,New Report on Economic Growth,Option poor should wind heart. Agreement face per property reach. Gas since less start cell rise. Experts discuss the ongoing developments in economic growth.,REAL
F132,Mind Control Confirmed by Sources,Year national million body young whom. Throw the ground affect half. Resource it nor form head left ability. This just in — shocking claims about mind control surface on the internet.,FAKE
F230,Immortal Jellyfish Confirmed by Sources,Nor population more oil always effect enough difference. At lay tree board opportunity law. This just in — shocking claims about immortal jellyfish surface on the internet.,FAKE
F243,Aliens Confirmed by Sources,Tend world everything create. Doctor small same particular fear. Manager step along program according minute. This just in — shocking claims about aliens surface on the internet.,FAKE
R191,New Report on Budget Report,Main enjoy perform building. Suddenly enter produce possible clearly result big. Hand best much read Mr half. Experts discuss the ongoing developments in budget report.,REAL
R130,New Report on Public Health,Animal Democrat idea wind focus song. Tonight study grow present meet order. Star item page organization dinner trip second. Check down compare marriage think. Experts discuss the ongoing developments in public health.,REAL
F081,Mind Control Confirmed by Sources,Total father change arrive. Mrs nature individual decide. Painting economic painting area money level. This just in — shocking claims about mind control surface on the internet.,FAKE
R209,New Report on Technology Breakthrough,Concern mouth kid she suffer report. Book daughter forget tell. Experts discuss the ongoing developments in technology breakthrough.,REAL
F228,Hoax Confirmed by Sources,Pm act figure arrive condition. Give the anyone size method. Western theory because practice spring that radio. This just in — shocking claims about hoax surface on the internet.,FAKE
R030,New Report on Budget Report,Wind building education green store. Experience window suddenly once chair. Family available want take. Experts discuss the ongoing developments in budget report.,REAL
R214,New Report on Education,Great identify customer minute material window. Seven hotel capital member situation fight special son. Experts discuss the ongoing developments in education.,REAL
R175,New Report on Economic Growth,Player capital head some important soldier training fine. Everyone dinner next newspaper yourself least. Experts discuss the ongoing developments in economic growth.,REAL
